{"cameraMode":{"drawMode":0,"name":"Shaded","section":"Shading Mode"},"sceneLighting":false,"audioPlay":false,"sceneViewState":{"m_AlwaysRefresh":false,"showFog":true,"showSkybox":false,"showFlares":true,"showImageEffects":true,"showParticleSystems":true,"showVisualEffectGraphs":true,"m_FxEnabled":true},"in2DMode":false,"pivot":{"x":-0.033849120140075687,"y":0.8488367199897766,"z":0.07347196340560913},"rotation":{"x":0.1450439989566803,"y":-0.7940026521682739,"z":0.2085156887769699,"w":0.5523379445075989},"size":1.5823873281478882,"orthographic":false}