{"cameraMode":{"drawMode":0,"name":"Shaded","section":"Shading Mode"},"sceneLighting":true,"audioPlay":false,"sceneViewState":{"m_AlwaysRefresh":false,"showFog":true,"showSkybox":true,"showFlares":true,"showImageEffects":true,"showParticleSystems":true,"showVisualEffectGraphs":true,"m_FxEnabled":true},"in2DMode":false,"pivot":{"x":34.19736099243164,"y":-1.1010310649871827,"z":12.416214942932129},"rotation":{"x":-0.00004425317092682235,"y":0.9680381417274475,"z":-0.251113623380661,"w":-0.0006594021688215435},"size":4.130956172943115,"orthographic":false}